{
    "acc": 0.41637010676156583,
    "num_example": 281,
    "detailed": {
        "total": 281,
        "judge_acc": 0.41637010676156583,
        "max_prob_acc": 0.2846975088967972,
        "per_model": {
            "microsoft/BiomedCLIP-PubMedBERT_256-vit_base_patch16_224": 0.302491103202847,
            "MahmoodLab/conch": 0.28113879003558717,
            "xiangjx/musk": 0.25622775800711745
        }
    }
}