{
    "exp_name": "clip_ensemble_pathmmu_edutt",
    "models_override": [
        "biomedclip",
        "conch",
        "musk"
    ],
    "n_models": 2,
    "categories": {
        "EduContent_test_tiny": {
            "acc": 0.4470588235294118,
            "num_example": 255,
            "detailed": {
                "total": 255,
                "judge_acc": 0.4470588235294118,
                "max_prob_acc": 0.26666666666666666,
                "per_model": {
                    "microsoft/BiomedCLIP-PubMedBERT_256-vit_base_patch16_224": 0.28627450980392155,
                    "MahmoodLab/conch": 0.2784313725490196,
                    "xiangjx/musk": 0.17647058823529413
                }
            }
        }
    },
    "overall_acc": 0.4470588235294118,
    "judge_acc": 0.4470588235294118,
    "max_prob_acc": 0.26666666666666666,
    "per_model_acc": {
        "microsoft/BiomedCLIP-PubMedBERT_256-vit_base_patch16_224": 0.28627450980392155,
        "MahmoodLab/conch": 0.2784313725490196,
        "xiangjx/musk": 0.17647058823529413
    },
    "total_samples": 255
}