{
    "acc": 0.4780976220275344,
    "num_example": 799,
    "detailed": {
        "total": 799,
        "judge_acc": 0.4780976220275344,
        "max_prob_acc": 0.32916145181476847,
        "per_model": {
            "microsoft/BiomedCLIP-PubMedBERT_256-vit_base_patch16_224": 0.2828535669586984,
            "MahmoodLab/conch": 0.28035043804755944,
            "xiangjx/musk": 0.28035043804755944
        }
    }
}