{
    "acc": 0.3986365267312522,
    "num_example": 2787,
    "detailed": {
        "total": 2787,
        "judge_acc": 0.3986365267312522,
        "max_prob_acc": 0.3010405453893075,
        "per_model": {
            "microsoft/BiomedCLIP-PubMedBERT_256-vit_base_patch16_224": 0.29350556153570145,
            "MahmoodLab/conch": 0.3010405453893075,
            "xiangjx/musk": 0.27054180121994975
        }
    }
}