{
    "acc": 0.512396694214876,
    "num_example": 121,
    "detailed": {
        "total": 121,
        "judge_acc": 0.512396694214876,
        "max_prob_acc": 0.11570247933884298,
        "per_model": {
            "microsoft/BiomedCLIP-PubMedBERT_256-vit_base_patch16_224": 0.15702479338842976,
            "MahmoodLab/conch": 0.14049586776859505,
            "xiangjx/musk": 0.08264462809917356
        }
    }
}