{
    "exp_name": "clip_ensemble_pathmmu_pdt",
    "models_override": [
        "biomedclip",
        "conch",
        "musk"
    ],
    "n_models": 2,
    "categories": {
        "PubMed_test": {
            "acc": 0.3986365267312522,
            "num_example": 2787,
            "detailed": {
                "total": 2787,
                "judge_acc": 0.3986365267312522,
                "max_prob_acc": 0.3010405453893075,
                "per_model": {
                    "microsoft/BiomedCLIP-PubMedBERT_256-vit_base_patch16_224": 0.29350556153570145,
                    "MahmoodLab/conch": 0.3010405453893075,
                    "xiangjx/musk": 0.27054180121994975
                }
            }
        }
    },
    "overall_acc": 0.3986365267312522,
    "judge_acc": 0.3986365267312522,
    "max_prob_acc": 0.3010405453893075,
    "per_model_acc": {
        "microsoft/BiomedCLIP-PubMedBERT_256-vit_base_patch16_224": 0.29350556153570145,
        "MahmoodLab/conch": 0.3010405453893075,
        "xiangjx/musk": 0.27054180121994975
    },
    "total_samples": 2787
}