{
    "exp_name": "PathCLS_All",
    "models_override": [
        "biomedclip",
        "conch",
        "musk"
    ],
    "n_models": 2,
    "categories": {
        "PathCLS_All": {
            "acc": 0.486159169550173,
            "num_example": 1156,
            "detailed": {
                "total": 1156,
                "judge_acc": 0.486159169550173,
                "max_prob_acc": 0.13927335640138408,
                "per_model": {
                    "microsoft/BiomedCLIP-PubMedBERT_256-vit_base_patch16_224": 0.1375432525951557,
                    "MahmoodLab/conch": 0.1643598615916955,
                    "xiangjx/musk": 0.14273356401384082
                }
            }
        }
    },
    "overall_acc": 0.486159169550173,
    "judge_acc": 0.486159169550173,
    "max_prob_acc": 0.13927335640138408,
    "per_model_acc": {
        "microsoft/BiomedCLIP-PubMedBERT_256-vit_base_patch16_224": 0.1375432525951557,
        "MahmoodLab/conch": 0.1643598615916955,
        "xiangjx/musk": 0.14273356401384082
    },
    "total_samples": 1156
}